{
  "jsonrpc": "2.0",
  "result": {
    "targets": {
      "title": "Targets",
      "data": {
        "dsladult": {
          "title": "DSL adult",
          "data": {
            "hltransducer": {
              "title": "HL transducer",
              "data": {
                "headphone": {
                  "title": "Headphone"
                },
                "insertfoam": {
                  "title": "Insert + foam"
                },
                "insertmold": {
                  "title": "Insert + mold"
                },
                "ls0": {
                  "title": "LS 0"
                },
                "soundfield": {
                  "title": "LS 45"
                },
                "ls90": {
                  "title": "LS 90"
                },
                "abrehl": {
                  "title": "ABR (eHL)"
                },
                "abrnhl": {
                  "title": "ABR (nHL)"
                }
              }
            },
            "binaural": {
              "title": "Binaural",
              "data": {
                "no": {
                  "title": "No"
                },
                "yes": {
                  "title": "Yes"
                }
              }
            },
            "languagetype": {
              "title": "languagetype",
              "data": {
                "nontonal": {
                  "title": "Non tonal"
                }
              }
            }
          }
        },
        "dslchild": {
          "title": "DSL child",
          "data": {
            "hltransducer": {
              "title": "HL transducer",
              "data": {
                "headphone": {
                  "title": "Headphone"
                },
                "insertfoam": {
                  "title": "Insert + foam"
                },
                "insertmold": {
                  "title": "Insert + mold"
                },
                "ls0": {
                  "title": "LS 0"
                },
                "soundfield": {
                  "title": "LS 45"
                },
                "ls90": {
                  "title": "LS 90"
                },
                "abrehl": {
                  "title": "ABR (eHL)"
                },
                "abrnhl": {
                  "title": "ABR (nHL)"
                }
              }
            },
            "binaural": {
              "title": "Binaural",
              "data": {
                "no": {
                  "title": "No"
                }
              }
            },
            "languagetype": {
              "title": "languagetype",
              "data": {
                "nontonal": {
                  "title": "Non tonal"
                }
              }
            }
          }
        },
        "nal-nl1": {
          "title": "NAL-NL1",
          "data": {
            "hltransducer": {
              "title": "HL transducer",
              "data": {
                "headphone": {
                  "title": "Headphone"
                },
                "insertfoam": {
                  "title": "Insert + foam"
                },
                "insertmold": {
                  "title": "Insert + mold"
                },
                "ls0": {
                  "title": "LS 0"
                },
                "soundfield": {
                  "title": "LS 45"
                },
                "ls90": {
                  "title": "LS 90"
                }
              }
            },
            "binaural": {
              "title": "Binaural",
              "data": {
                "no": {
                  "title": "No"
                },
                "yes": {
                  "title": "Yes"
                }
              }
            },
            "languagetype": {
              "title": "languagetype",
              "data": {
                "nontonal": {
                  "title": "Non tonal"
                }
              }
            }
          }
        },
        "nal-nl2": {
          "title": "NAL-NL2",
          "data": {
            "hltransducer": {
              "title": "HL transducer",
              "data": {
                "headphone": {
                  "title": "Headphone"
                },
                "insertfoam": {
                  "title": "Insert + foam"
                },
                "soundfield": {
                  "title": "LS 45"
                }
              }
            },
            "binaural": {
              "title": "Binaural",
              "data": {
                "no": {
                  "title": "No"
                },
                "yes": {
                  "title": "Yes"
                }
              }
            },
            "languagetype": {
              "title": "languagetype",
              "data": {
                "nontonal": {
                  "title": "Non tonal"
                },
                "tonal": {
                  "title": "Tonal"
                }
              }
            }
          }
        },
        "none": {
          "title": "None",
          "data": {
            "hltransducer": {
              "title": "HL transducer",
              "data": {
                "headphone": {
                  "title": "Headphone"
                },
                "insertfoam": {
                  "title": "Insert + foam"
                },
                "insertmold": {
                  "title": "Insert + mold"
                },
                "ls0": {
                  "title": "LS 0"
                },
                "soundfield": {
                  "title": "LS 45"
                },
                "ls90": {
                  "title": "LS 90"
                }
              }
            },
            "binaural": {
              "title": "Binaural",
              "data": {
                "no": {
                  "title": "No"
                },
                "yes": {
                  "title": "Yes"
                }
              }
            },
            "languagetype": {
              "title": "languagetype",
              "data": {
                "nontonal": {
                  "title": "Non tonal"
                }
              }
            }
          }
        }
      }
    },
    "stimuli": {
      "title": "stimuli",
      "data": {
        "mpo": {
          "title": "MPO",
          "data": {
            "level": {
              "title": "Level",
              "data": {
                "90": {
                  "title": "90"
                }
              }
            },
            "calibrated": 0
          }
        },
        "speech-wbcarrots": {
          "title": "Speech-std(F)",
          "data": {
            "level": {
              "title": "Level",
              "data": {
                "soft50": {
                  "title": "Soft (50)"
                },
                "soft55": {
                  "title": "Soft (55)"
                },
                "avg60": {
                  "title": "Avg (60)"
                },
                "avg65": {
                  "title": "Avg (65)"
                },
                "avg70": {
                  "title": "Avg (70)"
                },
                "loud75": {
                  "title": "Loud (75)"
                },
                "loud80": {
                  "title": "Loud (80)"
                }
              }
            },
            "calibrated": 1
          }
        },
        "speech-wbear": {
          "title": "Speech-std(M)",
          "data": {
            "level": {
              "title": "Level",
              "data": {
                "soft50": {
                  "title": "Soft (50)"
                },
                "soft55": {
                  "title": "Soft (55)"
                },
                "avg60": {
                  "title": "Avg (60)"
                },
                "avg65": {
                  "title": "Avg (65)"
                },
                "avg70": {
                  "title": "Avg (70)"
                },
                "loud75": {
                  "title": "Loud (75)"
                },
                "loud80": {
                  "title": "Loud (80)"
                }
              }
            },
            "calibrated": 1
          }
        },
        "speech-ists": {
          "title": "Speech-ISTS",
          "data": {
            "level": {
              "title": "Level",
              "data": {
                "soft50": {
                  "title": "Soft (50)"
                },
                "soft55": {
                  "title": "Soft (55)"
                },
                "avg60": {
                  "title": "Avg (60)"
                },
                "avg65": {
                  "title": "Avg (65)"
                },
                "avg70": {
                  "title": "Avg (70)"
                },
                "loud75": {
                  "title": "Loud (75)"
                },
                "loud80": {
                  "title": "Loud (80)"
                }
              }
            },
            "calibrated": 1
          }
        },
        "speech-fr": {
          "title": "Speech(fr)",
          "data": {
            "level": {
              "title": "Level",
              "data": {
                "soft50": {
                  "title": "Soft (50)"
                },
                "soft55": {
                  "title": "Soft (55)"
                },
                "avg60": {
                  "title": "Avg (60)"
                },
                "avg65": {
                  "title": "Avg (65)"
                },
                "avg70": {
                  "title": "Avg (70)"
                },
                "loud75": {
                  "title": "Loud (75)"
                },
                "loud80": {
                  "title": "Loud (80)"
                }
              }
            },
            "calibrated": 1
          }
        },
        "speech-de": {
          "title": "Speech(de)",
          "data": {
            "level": {
              "title": "Level",
              "data": {
                "soft50": {
                  "title": "Soft (50)"
                },
                "soft55": {
                  "title": "Soft (55)"
                },
                "avg60": {
                  "title": "Avg (60)"
                },
                "avg65": {
                  "title": "Avg (65)"
                },
                "avg70": {
                  "title": "Avg (70)"
                },
                "loud75": {
                  "title": "Loud (75)"
                },
                "loud80": {
                  "title": "Loud (80)"
                }
              }
            },
            "calibrated": 1
          }
        },
        "speech-es": {
          "title": "Speech(es)",
          "data": {
            "level": {
              "title": "Level",
              "data": {
                "soft50": {
                  "title": "Soft (50)"
                },
                "soft55": {
                  "title": "Soft (55)"
                },
                "avg60": {
                  "title": "Avg (60)"
                },
                "avg65": {
                  "title": "Avg (65)"
                },
                "avg70": {
                  "title": "Avg (70)"
                },
                "loud75": {
                  "title": "Loud (75)"
                },
                "loud80": {
                  "title": "Loud (80)"
                }
              }
            },
            "calibrated": 1
          }
        },
        "speech-ptbr": {
          "title": "Speech(pt-BR)",
          "data": {
            "level": {
              "title": "Level",
              "data": {
                "soft50": {
                  "title": "Soft (50)"
                },
                "soft55": {
                  "title": "Soft (55)"
                },
                "avg60": {
                  "title": "Avg (60)"
                },
                "avg65": {
                  "title": "Avg (65)"
                },
                "avg70": {
                  "title": "Avg (70)"
                },
                "loud75": {
                  "title": "Loud (75)"
                },
                "loud80": {
                  "title": "Loud (80)"
                }
              }
            },
            "calibrated": 1
          }
        },
        "speech-cmn": {
          "title": "Speech(cmn)",
          "data": {
            "level": {
              "title": "Level",
              "data": {
                "soft50": {
                  "title": "Soft (50)"
                },
                "soft55": {
                  "title": "Soft (55)"
                },
                "avg60": {
                  "title": "Avg (60)"
                },
                "avg65": {
                  "title": "Avg (65)"
                },
                "avg70": {
                  "title": "Avg (70)"
                },
                "loud75": {
                  "title": "Loud (75)"
                },
                "loud80": {
                  "title": "Loud (80)"
                }
              }
            },
            "calibrated": 1
          }
        },
        "speech-yue": {
          "title": "Speech(yue)",
          "data": {
            "level": {
              "title": "Level",
              "data": {
                "soft50": {
                  "title": "Soft (50)"
                },
                "soft55": {
                  "title": "Soft (55)"
                },
                "avg60": {
                  "title": "Avg (60)"
                },
                "avg65": {
                  "title": "Avg (65)"
                },
                "avg70": {
                  "title": "Avg (70)"
                },
                "loud75": {
                  "title": "Loud (75)"
                },
                "loud80": {
                  "title": "Loud (80)"
                }
              }
            },
            "calibrated": 1
          }
        },
        "speech-ko": {
          "title": "Speech(ko)",
          "data": {
            "level": {
              "title": "Level",
              "data": {
                "soft50": {
                  "title": "Soft (50)"
                },
                "soft55": {
                  "title": "Soft (55)"
                },
                "avg60": {
                  "title": "Avg (60)"
                },
                "avg65": {
                  "title": "Avg (65)"
                },
                "avg70": {
                  "title": "Avg (70)"
                },
                "loud75": {
                  "title": "Loud (75)"
                },
                "loud80": {
                  "title": "Loud (80)"
                }
              }
            },
            "calibrated": 1
          }
        },
        "noise": {
          "title": "Pink noise",
          "data": {
            "level": {
              "title": "Level",
              "data": {
                "50": {
                  "title": "50"
                },
                "55": {
                  "title": "55"
                },
                "60": {
                  "title": "60"
                },
                "65": {
                  "title": "65"
                },
                "70": {
                  "title": "70"
                },
                "75": {
                  "title": "75"
                },
                "80": {
                  "title": "80"
                }
              }
            },
            "calibrated": 0
          }
        }
      }
    },
    "instruments": {
      "title": "instruments",
      "data": {
        "rite": {
          "title": "RITE",
          "data": {
            "venting": {
              "title": "venting",
              "data": {
                "occluding": {
                  "title": "Occluding"
                }
              }
            }
          }
        },
        "bteha2": {
          "title": "BTE + HA-4",
          "data": {
            "venting": {
              "title": "venting",
              "data": {
                "occluding": {
                  "title": "Occluding"
                }
              }
            }
          }
        },
        "bteha1": {
          "title": "BTE + mold",
          "data": {
            "venting": {
              "title": "venting",
              "data": {
                "occluding": {
                  "title": "Occluding"
                }
              }
            }
          }
        },
        "ite": {
          "title": "ITE",
          "data": {
            "venting": {
              "title": "venting",
              "data": {
                "occluding": {
                  "title": "Occluding"
                }
              }
            }
          }
        },
        "itc": {
          "title": "ITC",
          "data": {
            "venting": {
              "title": "venting",
              "data": {
                "occluding": {
                  "title": "Occluding"
                }
              }
            }
          }
        },
        "cic": {
          "title": "CIC",
          "data": {
            "venting": {
              "title": "venting",
              "data": {
                "occluding": {
                  "title": "Occluding"
                }
              }
            }
          }
        },
        "cic_s": {
          "title": "CIC-shallow",
          "data": {
            "venting": {
              "title": "venting",
              "data": {
                "occluding": {
                  "title": "Occluding"
                }
              }
            }
          }
        },
        "cros": {
          "title": "CROS",
          "data": {
            "venting": {
              "title": "venting",
              "data": {
                "occluding": {
                  "title": "Occluding"
                }
              }
            }
          }
        },
        "body": {
          "title": "Body",
          "data": {
            "venting": {
              "title": "venting",
              "data": {
                "occluding": {
                  "title": "Occluding"
                }
              }
            }
          }
        }
      }
    },
    "recd": {
      "title": "RECD",
      "data": {
        "recdtype": {
          "title": "recdtype",
          "data": {
            "ha1recd": {
              "title": "HA-1 RECD"
            },
            "ha2recd": {
              "title": "HA-2 RECD"
            },
            "wrecd": {
              "title": "WRECD"
            }
          }
        },
        "recdearpiece": {
          "title": "recdearpiece",
          "data": {
            "foamtip": {
              "title": "Foam tip"
            },
            "earmold": {
              "title": "Earmold"
            }
          }
        }
      }
    }
  },
  "id": "appConfigs"
}