﻿{
  "jsonrpc": "2.0",
  "result": {
    "recdtype": {
      "title": "recdtype",
      "data": { "ha1recd": { "title": "HA-1 RECD" } }
    },
    "recdearpiece": {
      "title": "recdearpiece",
      "data": { "foamtip": { "title": "Foam tip" } }
    },
    "recddata": {
      "title": "recddata",
      "data": {
        "250": "_",
        "500": "_",
        "750": "_",
        "1000": "_",
        "1500": "_",
        "2000": "_",
        "3000": "_",
        "4000": "_",
        "6000": "_",
        "8000": "_",
        "10000": "_",
        "12500": "_"
      }
    }
  },
  "id": "getRECD"
}