﻿{
  "jsonrpc": "2.0",
  "result": {
    "age": {
      "title": "Age",
      "data": { "186": { "title": "186" } }
    },
    "targets": {
      "title": "Targets",
      "data": {
        "dsladult": {
          "title": "DSL adult",
          "data": {
            "hltransducer": {
              "title": "HL transducer",
              "data": { "headphone": { "title": "Headphone" } }
            },
            "binaural": {
              "title": "Binaural",
              "data": { "no": { "title": "No" } }
            },
            "languagetype": {
              "title": "languagetype",
              "data": { "nontonal": { "title": "Non tonal" } }
            }
          }
        }
      }
    },
    "left": {
      "title": "Left",
      "data": {
        "instrument": {
          "title": "Instrument",
          "data": {
            "rite": {
              "title": "RITE",
              "data": {
                "venting": {
                  "title": "venting",
                  "data": { "occluding": { "title": "Occluding" } }
                }
              }
            }
          }
        },
        "recd": {
          "title": "RECD",
          "data": {
            "recdtype": {
              "title": "recdtype",
              "data": { "ha1recd": { "title": "HA-1 RECD" } }
            },
            "recdearpiece": {
              "title": "recdearpiece",
              "data": { "foamtip": { "title": "Foam tip" } }
            },
            "recddata": {
              "title": "recddata",
              "data": {
                "250": "0.0",
                "500": "1.0",
                "750": "2.0",
                "1000": "3.0",
                "1500": "4.0",
                "2000": "5.0",
                "3000": "6.0",
                "4000": "7.0",
                "6000": "8.0",
                "8000": "9.0",
                "10000": "_",
                "12500": "_"
              }
            }
          }
        },
        "splthreshold": {
          "title": "SPL threshold",
          "data": {
            "250": "19.5",
            "500": "16.2",
            "750": "18.5",
            "1000": "23.3",
            "1500": "27.5",
            "2000": "34.9",
            "3000": "39.0",
            "4000": "45.0",
            "6000": "50.0",
            "8000": "56.3",
            "10000": "_",
            "12500": "_"
          }
        },
        "hl": {
          "title": "HL",
          "data": {
            "250": "2.0",
            "500": "6.0",
            "750": "10.0",
            "1000": "14.0",
            "1500": "18.0",
            "2000": "22.0",
            "3000": "26.0",
            "4000": "30.0",
            "6000": "34.0",
            "8000": "38.0",
            "10000": "42.0",
            "12500": "46.0"
          }
        },
        "bc": {
          "title": "bc",
          "data": {
            "250": "0.0",
            "500": "2.0",
            "750": "4.0",
            "1000": "6.0",
            "1500": "8.0",
            "2000": "10.0",
            "3000": "12.0",
            "4000": "14.0",
            "6000": "16.0",
            "8000": "18.0",
            "10000": "20.0",
            "12500": "22.0"
          }
        },
        "splucl": {
          "title": "UCL",
          "data": {
            "250": "100",
            "500": "120",
            "750": "110",
            "1000": "100",
            "1500": "99",
            "2000": "90",
            "3000": "80",
            "4000": "80",
            "6000": "80",
            "8000": "80",
            "10000": "80",
            "12500": "70"
          }
        },
          "ucl": {
            "title": "UCL",
            "data": {
              "250": "100.0",
              "500": "102.0",
              "750": "104.0",
              "1000": "106.0",
              "1500": "108.0",
              "2000": "110.0",
              "3000": "112.0",
              "4000": "114.0",
              "6000": "116.0",
              "8000": "118.0",
              "10000": "120.0",
              "12500": "122.0"
            }
          },
          "nhlehl": {
            "title": "nHL to eHL",
            "data": {
              "250": "_",
              "500": "_",
              "750": "_",
              "1000": "_",
              "1500": "_",
              "2000": "_",
              "3000": "_",
              "4000": "_",
              "6000": "_",
              "8000": "_",
              "10000": "_",
              "12500": "_"
            }
          }
        }
      },
    "right": {
      "title": "Right",
      "data": {
        "instrument": {
          "title": "Instrument",
          "data": {
            "rite": {
              "title": "RITE",
              "data": {
                "venting": {
                  "title": "venting",
                  "data": { "occluding": { "title": "Occluding" } }
                }
              }
            }
          }
        },
        "recd": {
          "title": "RECD",
          "data": {
            "recdtype": {
              "title": "recdtype",
              "data": { "ha1recd": { "title": "HA-1 RECD" } }
            },
            "recdearpiece": {
              "title": "recdearpiece",
              "data": { "foamtip": { "title": "Foam tip" } }
            },
            "recddata": {
              "title": "recddata",
              "data": {
                "250": "_",
                "500": "_",
                "750": "_",
                "1000": "_",
                "1500": "_",
                "2000": "_",
                "3000": "_",
                "4000": "_",
                "6000": "_",
                "8000": "_",
                "10000": "_",
                "12500": "_"
              }
            }
          }
        },
        "splthreshold": {
          "title": "SPL threshold",
          "data": {
            "250": "19.5",
            "500": "16.2",
            "750": "18.5",
            "1000": "23.3",
            "1500": "27.5",
            "2000": "34.9",
            "3000": "39.0",
            "4000": "45.0",
            "6000": "50.0",
            "8000": "56.3",
            "10000": "_",
            "12500": "_"
          }
        },
        "hl": {
          "title": "HL",
          "data": {
            "250": "2.0",
            "500": "6.0",
            "750": "10.0",
            "1000": "14.0",
            "1500": "18.0",
            "2000": "22.0",
            "3000": "26.0",
            "4000": "30.0",
            "6000": "34.0",
            "8000": "38.0",
            "10000": "42.0",
            "12500": "46.0"
          }
        },
        "bc": {
          "title": "bc",
          "data": {
            "250": "_",
            "500": "_",
            "750": "_",
            "1000": "_",
            "1500": "_",
            "2000": "_",
            "3000": "_",
            "4000": "_",
            "6000": "_",
            "8000": "_",
            "10000": "_",
            "12500": "_"
          }
        },
        "splucl": {
          "title": "UCL",
          "data": {
            "250": "100",
            "500": "120",
            "750": "110",
            "1000": "100",
            "1500": "99",
            "2000": "90",
            "3000": "80",
            "4000": "80",
            "6000": "80",
            "8000": "80",
            "10000": "80",
            "12500": "70"
          }
        },
          "ucl": {
            "title": "UCL",
            "data": {
              "250": "_",
              "500": "_",
              "750": "_",
              "1000": "_",
              "1500": "_",
              "2000": "_",
              "3000": "_",
              "4000": "_",
              "6000": "_",
              "8000": "_",
              "10000": "_",
              "12500": "_"
            }
          },
          "nhlehl": {
            "title": "nHL to eHL",
            "data": {
              "250": "_",
              "500": "_",
              "750": "_",
              "1000": "_",
              "1500": "_",
              "2000": "_",
              "3000": "_",
              "4000": "_",
              "6000": "_",
              "8000": "_",
              "10000": "_",
              "12500": "_"
            }
          }
        }
      }
  },
  "id": "getClient"
}