﻿{
  "jsonrpc": "2.0",
  "result": {
    "stimulus": {
      "title": "Stimulus",
      "data": { "speech-ists": { "title": "Speech-ISTS" } }
    },
    "level": {
      "title": "Level",
      "data": { "soft50": { "title": "Soft (50)" } }
    },
    "percentile30": {
      "title": "percentile30",
      "data": {
        "200": "19.04",
        "210": "19.01",
        "225": "18.68",
        "235": "17.91",
        "250": "16.87",
        "265": "15.45",
        "280": "14.2",
        "300": "13.86",
        "315": "13.61",
        "335": "13.15",
        "355": "13.15",
        "375": "13.59",
        "400": "13.97",
        "420": "14.31",
        "450": "14.65",
        "470": "14.69",
        "500": "14.31",
        "530": "13.81",
        "560": "13.27",
        "595": "12.91",
        "630": "12.81",
        "670": "12.76",
        "710": "12.9",
        "750": "13.13",
        "800": "13.34",
        "840": "13.63",
        "900": "13.92",
        "945": "14.17",
        "1000": "14.44",
        "1060": "14.72",
        "1120": "15.04",
        "1190": "15.44",
        "1250": "15.86",
        "1335": "16.35",
        "1400": "16.94",
        "1500": "17.39",
        "1600": "17.68",
        "1680": "17.98",
        "1800": "18.29",
        "1890": "18.54",
        "2000": "18.81",
        "2120": "19.13",
        "2240": "19.37",
        "2380": "19.51",
        "2500": "19.72",
        "2670": "19.97",
        "2800": "20.26",
        "3000": "20.58",
        "3150": "20.83",
        "3365": "21.01",
        "3550": "21.15",
        "3775": "21.33",
        "4000": "21.62",
        "4240": "21.95",
        "4500": "22.28",
        "4760": "22.61",
        "5000": "22.97",
        "5340": "23.31",
        "5600": "23.6",
        "6000": "23.79",
        "6300": "23.9",
        "6725": "23.96",
        "7100": "23.97",
        "7550": "23.97",
        "8000": "24.04",
        "8500": "24.17",
        "9000": "24.37",
        "9500": "24.58",
        "10000": "24.79",
        "10600": "25.02",
        "11200": "25.24",
        "11800": "25.39",
        "12500": "25.46"
      }
    },
    "percentile99": {
      "title": "percentile99",
      "data": {
        "200": "40.22",
        "210": "40.07",
        "225": "40.19",
        "235": "41.26",
        "250": "42.6",
        "265": "43.12",
        "280": "42.4",
        "300": "40.54",
        "315": "38.54",
        "335": "37.75",
        "355": "38.27",
        "375": "39.22",
        "400": "39.68",
        "420": "39.31",
        "450": "38.44",
        "470": "37.62",
        "500": "37.42",
        "530": "37.88",
        "560": "38.29",
        "595": "38.31",
        "630": "37.95",
        "670": "37.4",
        "710": "36.99",
        "750": "36.42",
        "800": "35.44",
        "840": "34.59",
        "900": "33.68",
        "945": "32.97",
        "1000": "32.99",
        "1060": "33.28",
        "1120": "33.57",
        "1190": "33.75",
        "1250": "34.59",
        "1335": "35.88",
        "1400": "37.23",
        "1500": "38.48",
        "1600": "39.58",
        "1680": "40.65",
        "1800": "41.36",
        "1890": "41.2",
        "2000": "39.96",
        "2120": "37.9",
        "2240": "35.54",
        "2380": "34.15",
        "2500": "33.91",
        "2670": "33.55",
        "2800": "33.04",
        "3000": "32.01",
        "3150": "30.23",
        "3365": "28.67",
        "3550": "28.43",
        "3775": "29.07",
        "4000": "29.9",
        "4240": "30.3",
        "4500": "31.14",
        "4760": "32.85",
        "5000": "33.7",
        "5340": "33.98",
        "5600": "34.72",
        "6000": "34.97",
        "6300": "34.78",
        "6725": "34.93",
        "7100": "34.83",
        "7550": "34.0",
        "8000": "33.14",
        "8500": "32.84",
        "9000": "32.84",
        "9500": "32.9",
        "10000": "32.8",
        "10600": "32.57",
        "11200": "32.31",
        "11800": "31.86",
        "12500": "31.29"
      }
    },
    "ltass": {
      "title": "ltass",
      "data": {
        "200": "30.56",
        "210": "30.33",
        "225": "30.14",
        "235": "30.09",
        "250": "30.06",
        "265": "29.48",
        "280": "28.79",
        "300": "28.15",
        "315": "27.65",
        "335": "27.66",
        "355": "29.11",
        "375": "29.7",
        "400": "29.93",
        "420": "29.66",
        "450": "29.31",
        "470": "28.4",
        "500": "28.27",
        "530": "28.67",
        "560": "28.59",
        "595": "28.62",
        "630": "28.15",
        "670": "27.4",
        "710": "26.16",
        "750": "25.38",
        "800": "24.64",
        "840": "24.38",
        "900": "23.85",
        "945": "23.67",
        "1000": "23.09",
        "1060": "23.05",
        "1120": "22.92",
        "1190": "23.47",
        "1250": "24.08",
        "1335": "25.54",
        "1400": "26.12",
        "1500": "28.13",
        "1600": "28.8",
        "1680": "29.5",
        "1800": "29.25",
        "1890": "29.04",
        "2000": "27.48",
        "2120": "26.43",
        "2240": "24.94",
        "2380": "24.04",
        "2500": "23.38",
        "2670": "23.22",
        "2800": "23.0",
        "3000": "22.77",
        "3150": "22.54",
        "3365": "22.34",
        "3550": "22.42",
        "3775": "22.71",
        "4000": "23.21",
        "4240": "23.67",
        "4500": "24.05",
        "4760": "24.52",
        "5000": "24.85",
        "5340": "25.25",
        "5600": "25.64",
        "6000": "25.97",
        "6300": "26.04",
        "6725": "26.02",
        "7100": "25.85",
        "7550": "25.57",
        "8000": "25.55",
        "8500": "25.62",
        "9000": "25.86",
        "9500": "26.17",
        "10000": "26.3",
        "10600": "26.39",
        "11200": "26.41",
        "11800": "26.41",
        "12500": "26.31"
      }
    },
    "targets": {
      "title": "Targets",
      "data": {
        "250": "35.9",
        "500": "39.7",
        "750": "38.6",
        "1000": "40.8",
        "1500": "42.8",
        "2000": "50.2",
        "3000": "55.4",
        "4000": "56.3",
        "6000": "49.4",
        "8000": "45.5",
        "10000": "_",
        "12500": "_"
      }
    },
    "unaidedsii": {
      "title": "unaidedsii",
      "data": 0
    },
    "aidedsii": {
      "title": "aidedsii",
      "data": 0
    }
  },
  "id": "getTest"
}