<?xml version="1.0" encoding="utf-8"?>
<CurvesContainer xmlns:xsi="http://www.w3.org/2001/XMLSchema-instance" xmlns:xsd="http://www.w3.org/2001/XMLSchema">
  <CurveLowInput>
    <Value Frequency="250">50</Value>
    <Value Frequency="500">50</Value>
    <Value Frequency="750">50</Value>
    <Value Frequency="1000">50</Value>
    <Value Frequency="1500">50</Value>
    <Value Frequency="2000">50</Value>
    <Value Frequency="3000">50</Value>
    <Value Frequency="4000">50</Value>
    <Value Frequency="6000">50</Value>
    <Value Frequency="8000">50</Value>
  </CurveLowInput>
  <CurveMediumInput>
    <Value Frequency="250">65</Value>
    <Value Frequency="500">65</Value>
    <Value Frequency="750">65</Value>
    <Value Frequency="1000">65</Value>
    <Value Frequency="1500">65</Value>
    <Value Frequency="2000">65</Value>
    <Value Frequency="3000">65</Value>
    <Value Frequency="4000">65</Value>
    <Value Frequency="6000">65</Value>
    <Value Frequency="8000">65</Value>
  </CurveMediumInput>
  <CurveHightInput>
    <Value Frequency="250">80</Value>
    <Value Frequency="500">80</Value>
    <Value Frequency="750">80</Value>
    <Value Frequency="1000">80</Value>
    <Value Frequency="1500">80</Value>
    <Value Frequency="2000">80</Value>
    <Value Frequency="3000">80</Value>
    <Value Frequency="4000">80</Value>
    <Value Frequency="6000">80</Value>
    <Value Frequency="8000">80</Value>
  </CurveHightInput>
  <CurveREUG>
    <Value Frequency="250">0</Value>
    <Value Frequency="500">1</Value>
    <Value Frequency="750">2</Value>
    <Value Frequency="1000">2</Value>
    <Value Frequency="1500">5</Value>
    <Value Frequency="2000">11</Value>
    <Value Frequency="3000">16</Value>
    <Value Frequency="4000">14</Value>
    <Value Frequency="6000">7</Value>
    <Value Frequency="8000">1</Value>
  </CurveREUG>
  <AddRandomValues>true</AddRandomValues>
  <AddREUG>false</AddREUG>
</CurvesContainer>