﻿{
  "jsonrpc": "2.0",
  "result": {
    "status": "busy",
    "id": "measure",
    "data": {
      "percentile99": {
        "title": "percentile99",
        "data": {
          "200": "40.06",
          "210": "39.47",
          "225": "38.77",
          "235": "38.94",
          "250": "39.5",
          "265": "39.7",
          "280": "39.42",
          "300": "38.61",
          "315": "37.62",
          "335": "37.49",
          "355": "38.27",
          "375": "39.22",
          "400": "39.68",
          "420": "39.31",
          "450": "38.44",
          "470": "37.62",
          "500": "37.42",
          "530": "37.88",
          "560": "38.29",
          "595": "38.31",
          "630": "37.83",
          "670": "36.67",
          "710": "35.35",
          "750": "34.86",
          "800": "34.81",
          "840": "34.42",
          "900": "33.3",
          "945": "32.33",
          "1000": "32.52",
          "1060": "33.15",
          "1120": "33.57",
          "1190": "33.75",
          "1250": "34.39",
          "1335": "35.39",
          "1400": "36.21",
          "1500": "36.59",
          "1600": "36.74",
          "1680": "36.86",
          "1800": "36.64",
          "1890": "36.01",
          "2000": "34.99",
          "2120": "33.53",
          "2240": "32.83",
          "2380": "33.13",
          "2500": "32.6",
          "2670": "30.75",
          "2800": "28.7",
          "3000": "27.54",
          "3150": "27.11",
          "3365": "27.06",
          "3550": "27.3",
          "3775": "28.03",
          "4000": "28.46",
          "4240": "28.4",
          "4500": "28.91",
          "4760": "29.86",
          "5000": "30.77",
          "5340": "32.76",
          "5600": "34.57",
          "6000": "34.97",
          "6300": "34.78",
          "6725": "34.93",
          "7100": "34.83",
          "7550": "34.0",
          "8000": "33.14",
          "8500": "32.84",
          "9000": "32.84",
          "9500": "32.9",
          "10000": "32.8",
          "10600": "32.57",
          "11200": "32.31",
          "11800": "31.86",
          "12500": "31.29"
        }
      },
      "percentile30": {
        "title": "percentile30",
        "data": {
          "200": "19.09",
          "210": "19.04",
          "225": "18.68",
          "235": "17.89",
          "250": "16.81",
          "265": "15.34",
          "280": "14.11",
          "300": "13.81",
          "315": "13.49",
          "335": "12.94",
          "355": "13.04",
          "375": "13.56",
          "400": "13.7",
          "420": "13.86",
          "450": "14.31",
          "470": "14.39",
          "500": "13.99",
          "530": "13.56",
          "560": "13.16",
          "595": "12.84",
          "630": "12.69",
          "670": "12.66",
          "710": "12.8",
          "750": "13.02",
          "800": "13.28",
          "840": "13.57",
          "900": "13.85",
          "945": "14.13",
          "1000": "14.42",
          "1060": "14.7",
          "1120": "15.0",
          "1190": "15.38",
          "1250": "15.79",
          "1335": "16.33",
          "1400": "16.94",
          "1500": "17.39",
          "1600": "17.68",
          "1680": "17.98",
          "1800": "18.29",
          "1890": "18.54",
          "2000": "18.81",
          "2120": "19.12",
          "2240": "19.34",
          "2380": "19.49",
          "2500": "19.71",
          "2670": "19.96",
          "2800": "20.25",
          "3000": "20.58",
          "3150": "20.83",
          "3365": "21.01",
          "3550": "21.16",
          "3775": "21.36",
          "4000": "21.64",
          "4240": "21.96",
          "4500": "22.28",
          "4760": "22.62",
          "5000": "22.97",
          "5340": "23.31",
          "5600": "23.6",
          "6000": "23.79",
          "6300": "23.9",
          "6725": "23.95",
          "7100": "23.97",
          "7550": "23.98",
          "8000": "24.05",
          "8500": "24.17",
          "9000": "24.37",
          "9500": "24.58",
          "10000": "24.78",
          "10600": "25.01",
          "11200": "25.23",
          "11800": "25.38",
          "12500": "25.46"
        }
      },
      "ltass": {
        "title": "ltass",
        "data": {
          "200": "30.54",
          "210": "30.03",
          "225": "29.8",
          "235": "29.38",
          "250": "29.0",
          "265": "28.22",
          "280": "27.67",
          "300": "27.14",
          "315": "27.18",
          "335": "27.76",
          "355": "29.25",
          "375": "29.83",
          "400": "30.08",
          "420": "29.77",
          "450": "29.43",
          "470": "28.46",
          "500": "28.37",
          "530": "28.83",
          "560": "28.74",
          "595": "28.68",
          "630": "28.11",
          "670": "27.27",
          "710": "25.9",
          "750": "24.91",
          "800": "24.05",
          "840": "23.7",
          "900": "23.21",
          "945": "22.88",
          "1000": "22.71",
          "1060": "22.6",
          "1120": "22.29",
          "1190": "22.87",
          "1250": "23.68",
          "1335": "24.97",
          "1400": "25.58",
          "1500": "26.69",
          "1600": "27.22",
          "1680": "27.55",
          "1800": "27.29",
          "1890": "27.0",
          "2000": "26.06",
          "2120": "25.04",
          "2240": "24.09",
          "2380": "23.47",
          "2500": "23.01",
          "2670": "22.81",
          "2800": "22.58",
          "3000": "22.37",
          "3150": "22.17",
          "3365": "22.05",
          "3550": "22.16",
          "3775": "22.46",
          "4000": "22.83",
          "4240": "23.15",
          "4500": "23.48",
          "4760": "24.06",
          "5000": "24.47",
          "5340": "25.05",
          "5600": "25.6",
          "6000": "25.99",
          "6300": "26.1",
          "6725": "26.09",
          "7100": "25.91",
          "7550": "25.62",
          "8000": "25.59",
          "8500": "25.62",
          "9000": "25.84",
          "9500": "26.14",
          "10000": "26.28",
          "10600": "26.37",
          "11200": "26.38",
          "11800": "26.39",
          "12500": "26.27"
        }
      },
      "progress": "92.17391304347827"
    }
  },
  "id": "status"
}